,Unnamed: 16,Unnamed: 17,Unnamed: 18,amer_indian,asian,black,ell,frl,gifted,hispanic,multi_racial,pac_islander,projected_enroll,school,school_year,spec_ed,total_enroll,total_minority,white
0,,,,8.0,39.0,194.0,18.0,,457.0,,85.0,0.0,,A. Buffett Magnet,2011-2012,158.0,,,
1,,,,2.0,2.0,67.0,5.0,,,,4.0,0.0,,Accelere,2011-2012,7.0,,,
2,,,,6.0,2.0,76.0,27.0,,39.0,,15.0,3.0,,Adams Elementary,2011-2012,57.0,,,
3,,,,20.0,11.0,46.0,356.0,,132.0,,43.0,1.0,,Ashland Park/Robbins*,2011-2012,236.0,,,
4,,,,6.0,5.0,33.0,223.0,,64.0,,26.0,0.0,,Bancroft Elementary*,2011-2012,94.0,,,
5,,,,5.0,22.0,51.0,117.0,,63.0,,23.0,3.0,,Beals Elementary*,2011-2012,67.0,,,
6,,,,1.0,20.0,49.0,59.0,,41.0,,18.0,0.0,,Belle Ryan Elementary*,2011-2012,76.0,,,
7,,,,3.0,2.0,411.0,18.0,,21.0,,25.0,0.0,,Belvedere Elementary*,2011-2012,63.0,,,
8,,,,18.0,102.0,499.0,95.0,,39.0,,121.0,7.0,,Benson Magnet,2011-2012,220.0,,,
9,,,,8.0,14.0,160.0,45.0,,74.0,,39.0,1.0,,Benson West Elementary,2011-2012,79.0,,,
10,,,,9.0,40.0,132.0,69.0,,83.0,,50.0,1.0,,Beveridge Magnet,2011-2012,132.0,,,
11,,,,5.0,0.0,78.0,3.0,,,,8.0,0.0,,Blackburn High,2011-2012,37.0,,,
12,,,,5.0,20.0,186.0,36.0,,60.0,,30.0,0.0,,Boyd Elementary*,2011-2012,71.0,,,
13,,,,23.0,25.0,181.0,111.0,,61.0,,79.0,2.0,,Bryan High,2011-2012,245.0,,,
14,,,,7.0,6.0,81.0,46.0,,60.0,,21.0,0.0,,Bryan Middle,2011-2012,116.0,,,
15,,,,18.0,73.0,368.0,47.0,,302.0,,146.0,1.0,,Burke High,2011-2012,227.0,,,
16,,,,14.0,0.0,17.0,332.0,,25.0,,7.0,0.0,,Castelar Elementary*,2011-2012,59.0,,,
17,,,,2.0,5.0,21.0,24.0,,66.0,,12.0,0.0,,Catlin Magnet,2011-2012,35.0,,,
18,,,,25.0,52.0,717.0,66.0,,310.0,,234.0,3.0,,Central High,2011-2012,256.0,,,
19,,,,1.0,26.0,315.0,27.0,,47.0,,28.0,0.0,,Central Park Elementary*,2011-2012,58.0,,,
20,,,,8.0,7.0,81.0,172.0,,126.0,,35.0,3.0,,Chandler View Elementary,2011-2012,130.0,,,
21,,,,2.0,4.0,28.0,9.0,,115.0,,15.0,3.0,,Columbian Elementary*,2011-2012,60.0,,,
22,,,,8.0,1.0,247.0,42.0,,15.0,,14.0,0.0,,Conestoga Magnet,2011-2012,82.0,,,
23,,,,2.0,11.0,55.0,79.0,,91.0,,13.0,0.0,,Crestridge Magnet,2011-2012,55.0,,,
24,,,,5.0,9.0,82.0,17.0,,51.0,,17.0,4.0,,Dodge Elementary*,2011-2012,88.0,,,
25,,,,2.0,20.0,225.0,36.0,,26.0,,17.0,0.0,,Druid Hill Elementary*,2011-2012,82.0,,,
26,,,,3.0,24.0,41.0,50.0,,128.0,,47.0,1.0,,Dundee Elementary,2011-2012,82.0,,,
27,,,,0.0,27.0,12.0,45.0,,,,1.0,1.0,,ESL Teen Literacy,2011-2012,0.0,,,
28,,,,2.0,1.0,19.0,0.0,,0.0,,6.0,0.0,,Early Childhood @ Indian Hill,2011-2012,18.0,,,
29,,,,0.0,1.0,1.0,0.0,,0.0,,2.0,0.0,,Early Childhood Center,2011-2012,10.0,,,
30,,,,0.0,0.0,122.0,0.0,,0.0,,7.0,0.0,,Early Childhood Educare,2011-2012,13.0,,,
31,,,,10.0,10.0,7.0,0.0,,0.0,,4.0,0.0,,Early Childhood@ Yates,2011-2012,16.0,,,
32,,,,0.0,35.0,91.0,51.0,,53.0,,30.0,0.0,,Edison Elementary,2011-2012,89.0,,,
33,,,,17.0,11.0,54.0,331.0,,70.0,,34.0,1.0,,Field Club Elementary,2011-2012,114.0,,,
34,,,,3.0,0.0,74.0,24.0,,43.0,,21.0,0.0,,Florence Elementary,2011-2012,59.0,,,
35,,,,5.0,21.0,383.0,66.0,,82.0,,55.0,0.0,,Fontenelle Elementary*,2011-2012,106.0,,,
36,,,,7.0,46.0,129.0,73.0,,45.0,,12.0,0.0,,Franklin Elementary,2011-2012,36.0,,,
37,,,,1.0,10.0,109.0,35.0,,117.0,,37.0,1.0,,Fullerton Magnet,2011-2012,90.0,,,
38,,,,2.0,0.0,9.0,1.0,,1.0,,4.0,0.0,,Gateway to College,2011-2012,2.0,,,
39,,,,6.0,3.0,44.0,143.0,,41.0,,13.0,2.0,,Gilder Elementary,2011-2012,48.0,,,
40,,,,13.0,2.0,14.0,460.0,,43.0,,4.0,0.0,,Gomez Heritage Elementary*,2011-2012,94.0,,,
41,,,,5.0,6.0,203.0,3.0,,18.0,,32.0,1.0,,Hale Middle,2011-2012,92.0,,,
42,,,,4.0,36.0,63.0,55.0,,71.0,,21.0,1.0,,Harrison Elementary,2011-2012,41.0,,,
43,,,,4.0,30.0,159.0,50.0,,37.0,,35.0,1.0,,Hartman Elementary*,2011-2012,66.0,,,
44,,,,9.0,6.0,52.0,235.0,,51.0,,8.0,0.0,,Highland Elementary*,2011-2012,63.0,,,
45,,,,1.0,3.0,44.0,0.0,,0.0,,15.0,1.0,,Homebased PK*,2011-2012,269.0,,,
46,,,,0.0,1.0,1.0,0.0,,0.0,,1.0,0.0,,Homebound,2011-2012,8.0,,,
47,,,,7.0,1.0,113.0,5.0,,1.0,,14.0,0.0,,Independent Study Program,2011-2012,33.0,,,
48,,,,14.0,4.0,162.0,230.0,,46.0,,26.0,4.0,,Indian Hill Elementary*,2011-2012,73.0,,,
49,,,,6.0,0.0,47.0,0.0,,1.0,,5.0,0.0,,Integrated Learning Program at DH,2011-2012,103.0,,,
50,,,,1.0,0.0,16.0,0.0,,0.0,,3.0,0.0,,Interim/Contracted Elementary,2011-2012,49.0,,,
51,,,,7.0,0.0,82.0,1.0,,3.0,,4.0,1.0,,Interim/Contracted Secondary,2011-2012,97.0,,,
52,,,,0.0,0.0,8.0,0.0,,,,1.0,0.0,,J P Lord,2011-2012,31.0,,,
53,,,,2.0,10.0,4.0,166.0,,21.0,,5.0,0.0,,Jackson Elementary*,2011-2012,34.0,,,
54,,,,4.0,18.0,44.0,191.0,,96.0,,24.0,1.0,,Jefferson Elementary,2011-2012,67.0,,,
55,,,,4.0,19.0,71.0,30.0,,93.0,,26.0,0.0,,Joslyn Elementary*,2011-2012,65.0,,,
56,,,,5.0,49.0,156.0,152.0,,24.0,,23.0,0.0,,Kellom Elementary*,2011-2012,90.0,,,
57,,,,1.0,49.0,202.0,59.0,,13.0,,11.0,0.0,,Kennedy Elementary*,2011-2012,43.0,,,
58,,,,1.0,2.0,220.0,21.0,,60.0,,16.0,0.0,,King Elementary*,2011-2012,54.0,,,
59,,,,7.0,8.0,306.0,9.0,,72.0,,28.0,0.0,,King Science Magnet,2011-2012,84.0,,,
60,,,,11.0,48.0,197.0,59.0,,59.0,,33.0,1.0,,Lewis & Clark Middle,2011-2012,143.0,,,
61,,,,9.0,5.0,90.0,285.0,,63.0,,21.0,0.0,,Liberty Elementary*,2011-2012,92.0,,,
62,,,,1.0,1.0,9.0,0.0,,0.0,,0.0,0.0,,"Lord, JP",2011-2012,29.0,,,
63,,,,4.0,3.0,241.0,9.0,,22.0,,16.0,0.0,,Lothrop Magnet Elementary*,2011-2012,65.0,,,
64,,,,16.0,9.0,39.0,322.0,,118.0,,26.0,3.0,,Marrs Magnet,2011-2012,118.0,,,
65,,,,2.0,2.0,91.0,15.0,,39.0,,20.0,0.0,,Masters Elementary,2011-2012,58.0,,,
66,,,,4.0,9.0,221.0,7.0,,83.0,,52.0,1.0,,McMillan Magnet,2011-2012,106.0,,,
67,,,,2.0,1.0,253.0,13.0,,49.0,,32.0,0.0,,Miller Park Elementary*,2011-2012,57.0,,,
68,,,,6.0,1.0,258.0,7.0,,64.0,,27.0,0.0,,Minne Lusa Elementary*,2011-2012,80.0,,,
69,,,,6.0,14.0,251.0,18.0,,18.0,,52.0,2.0,,Monroe Middle,2011-2012,105.0,,,
70,,,,8.0,11.0,241.0,14.0,,92.0,,69.0,1.0,,Morton Magnet,2011-2012,114.0,,,
71,,,,3.0,2.0,325.0,6.0,,35.0,,40.0,0.0,,Mount View Elementary*,2011-2012,83.0,,,
72,,,,14.0,6.0,61.0,81.0,,63.0,,37.0,1.0,,Norris Middle,2011-2012,139.0,,,
73,,,,22.0,35.0,672.0,11.0,,210.0,,176.0,3.0,,North Magnet,2011-2012,228.0,,,
74,,,,17.0,15.0,489.0,46.0,,67.0,,126.0,0.0,,Northwest High,2011-2012,202.0,,,
75,,,,5.0,2.0,41.0,66.0,,29.0,,10.0,4.0,,Oak Valley Elementary*,2011-2012,77.0,,,
76,,,,0.0,1.0,36.0,3.0,,,,7.0,0.0,,Parrish,2011-2012,17.0,,,
77,,,,0.0,0.0,0.0,0.0,,0.0,,0.0,0.0,,Parrish Elementary,2011-2012,0.0,,,
78,,,,1.0,15.0,44.0,193.0,,96.0,,15.0,0.0,,Pawnee Elementary,2011-2012,59.0,,,
79,,,,1.0,22.0,41.0,13.0,,132.0,,38.0,1.0,,Picotte Elementary,2011-2012,114.0,,,
80,,,,1.0,11.0,97.0,7.0,,15.0,,17.0,0.0,,Pinewood Elementary*,2011-2012,55.0,,,
81,,,,2.0,0.0,12.0,8.0,,44.0,,4.0,0.0,,Ponca Elementary,2011-2012,14.0,,,
82,,,,9.0,18.0,235.0,22.0,,90.0,,85.0,0.0,,Prairie Wind Elementary,2011-2012,100.0,,,
83,,,,5.0,55.0,77.0,59.0,,67.0,,11.0,0.0,,Rose Hill Elementary,2011-2012,44.0,,,
84,,,,2.0,16.0,37.0,2.0,,83.0,,27.0,0.0,,Saddlebrook Elementary,2011-2012,55.0,,,
85,,,,11.0,0.0,193.0,2.0,,31.0,,17.0,0.0,,Saratoga Elementary*,2011-2012,45.0,,,
86,,,,0.0,0.0,2.0,0.0,,,,0.0,0.0,,Secondary Success Program,2011-2012,1.0,,,
87,,,,5.0,0.0,6.0,55.0,,34.0,,11.0,0.0,,Sherman Elementary*,2011-2012,48.0,,,
88,,,,3.0,1.0,302.0,5.0,,42.0,,29.0,1.0,,Skinner Magnet,2011-2012,69.0,,,
89,,,,25.0,103.0,246.0,240.0,,67.0,,76.0,1.0,,South Magnet,2011-2012,275.0,,,
90,,,,9.0,3.0,23.0,399.0,,83.0,,14.0,1.0,,Spring Lake Magnet*,2011-2012,88.0,,,
91,,,,10.0,7.0,120.0,13.0,,60.0,,39.0,1.0,,Springville Elementary,2011-2012,34.0,,,
92,,,,4.0,38.0,41.0,15.0,,101.0,,19.0,0.0,,Standing Bear Elementary*,2011-2012,76.0,,,
93,,,,1.0,8.0,120.0,15.0,,81.0,,24.0,1.0,,Sunny Slope Elementary*,2011-2012,72.0,,,
94,,,,1.0,1.0,21.0,0.0,,,,9.0,0.0,,Transition Program at PVA&CC,2011-2012,93.0,,,
95,,,,8.0,4.0,239.0,9.0,,37.0,,15.0,0.0,,Wakonda Elementary*,2011-2012,70.0,,,
96,,,,9.0,55.0,156.0,115.0,,50.0,,30.0,0.0,,Walnut Hill Elementary,2011-2012,42.0,,,
97,,,,4.0,12.0,44.0,24.0,,30.0,,18.0,1.0,,Washington Elementary*,2011-2012,68.0,,,
98,,,,1.0,7.0,125.0,35.0,,24.0,,26.0,0.0,,Western Hills Magnet,2011-2012,74.0,,,
99,,,,1.0,6.0,59.0,3.0,,48.0,,3.0,0.0,,Wilson Focus School,2011-2012,20.0,,,
0,,,,10.0,38.0,213.0,15.0,429.0,532.0,114.0,82.0,0.0,1389.0,A. Buffett Magnet,2012-2013,156.0,1345.0,457.0,888.0
1,,,,3.0,1.0,79.0,5.0,133.0,1.0,34.0,10.0,0.0,,Accelere,2012-2013,21.0,163.0,127.0,36.0
2,,,,6.0,8.0,87.0,28.0,209.0,45.0,33.0,16.0,4.0,271.0,Adams Elementary,2012-2013,51.0,299.0,154.0,145.0
3,,,,20.0,12.0,45.0,355.0,997.0,117.0,785.0,41.0,0.0,1171.0,Ashland Park/Robbins*,2012-2013,253.0,1171.0,903.0,268.0
4,,,,9.0,2.0,24.0,206.0,651.0,48.0,487.0,23.0,0.0,743.0,Bancroft Elementary*,2012-2013,93.0,724.0,545.0,179.0
5,,,,5.0,31.0,47.0,98.0,324.0,87.0,164.0,26.0,3.0,442.0,Beals Elementary*,2012-2013,65.0,427.0,276.0,151.0
6,,,,1.0,23.0,38.0,64.0,231.0,40.0,105.0,18.0,0.0,294.0,Belle Ryan Elementary*,2012-2013,59.0,292.0,185.0,107.0
7,,,,1.0,5.0,414.0,21.0,541.0,30.0,54.0,32.0,0.0,530.0,Belvedere Elementary*,2012-2013,66.0,573.0,506.0,67.0
8,,,,13.0,92.0,451.0,93.0,922.0,69.0,154.0,101.0,7.0,1158.0,Benson Magnet,2012-2013,204.0,1132.0,818.0,314.0
9,,,,5.0,35.0,178.0,56.0,491.0,57.0,80.0,41.0,0.0,582.0,Benson West Elementary,2012-2013,81.0,603.0,339.0,264.0
10,,,,9.0,42.0,136.0,65.0,508.0,165.0,226.0,30.0,,768.0,Beveridge Magnet,2012-2013,125.0,749.0,443.0,306.0
11,,,,3.0,0.0,81.0,,126.0,,25.0,11.0,0.0,,Blackburn High,2012-2013,40.0,133.0,120.0,13.0
12,,,,7.0,25.0,174.0,35.0,327.0,68.0,60.0,37.0,0.0,564.0,Boyd Elementary*,2012-2013,65.0,532.0,303.0,229.0
13,,,,12.0,40.0,208.0,119.0,1330.0,142.0,897.0,64.0,2.0,1657.0,Bryan High,2012-2013,255.0,1611.0,1223.0,388.0
14,,,,14.0,7.0,90.0,29.0,614.0,33.0,421.0,19.0,,734.0,Bryan Middle,2012-2013,132.0,732.0,551.0,181.0
15,,,,16.0,66.0,395.0,41.0,952.0,518.0,302.0,151.0,3.0,2024.0,Burke High,2012-2013,251.0,2117.0,933.0,1184.0
16,,,,10.0,0.0,13.0,299.0,519.0,37.0,490.0,5.0,0.0,576.0,Castelar Elementary*,2012-2013,57.0,564.0,518.0,46.0
17,,,,1.0,4.0,18.0,25.0,150.0,65.0,73.0,11.0,1.0,233.0,Catlin Magnet,2012-2013,48.0,266.0,108.0,158.0
18,,,,23.0,73.0,663.0,63.0,1415.0,436.0,475.0,222.0,1.0,2510.0,Central High,2012-2013,287.0,2432.0,1457.0,975.0
19,,,,0.0,21.0,340.0,16.0,410.0,58.0,15.0,35.0,0.0,455.0,Central Park Elementary*,2012-2013,66.0,452.0,411.0,41.0
20,,,,9.0,6.0,74.0,182.0,605.0,120.0,385.0,36.0,3.0,666.0,Chandler View Elementary,2012-2013,145.0,735.0,513.0,222.0
21,,,,3.0,7.0,29.0,7.0,94.0,99.0,32.0,11.0,3.0,332.0,Columbian Elementary*,2012-2013,58.0,337.0,85.0,252.0
22,,,,2.0,3.0,257.0,28.0,352.0,21.0,71.0,15.0,0.0,358.0,Conestoga Magnet,2012-2013,78.0,370.0,348.0,22.0
23,,,,1.0,11.0,52.0,87.0,254.0,64.0,187.0,14.0,0.0,428.0,Crestridge Magnet,2012-2013,58.0,435.0,265.0,170.0
24,,,,4.0,9.0,91.0,15.0,243.0,54.0,44.0,20.0,5.0,351.0,Dodge Elementary*,2012-2013,82.0,381.0,173.0,208.0
25,,,,3.0,17.0,253.0,37.0,352.0,9.0,22.0,22.0,0.0,311.0,Druid Hill Elementary*,2012-2013,94.0,362.0,317.0,45.0
26,,,,2.0,20.0,45.0,42.0,238.0,122.0,78.0,50.0,1.0,545.0,Dundee Elementary,2012-2013,78.0,537.0,196.0,341.0
27,,,,0.0,31.0,7.0,49.0,48.0,,10.0,1.0,0.0,,ESL Teen Literacy,2012-2013,1.0,49.0,49.0,0.0
28,,,,2.0,2.0,12.0,0.0,188.0,0.0,149.0,5.0,2.0,,Early Childhood @ Indian Hill,2012-2013,20.0,188.0,172.0,16.0
29,,,73.14,0.0,0.0,2.0,0.0,29.0,0.0,23.0,1.0,0.0,,Early Childhood Center,2012-2013,12.0,34.0,26.0,8.0
30,,,,0.0,1.0,114.0,0.0,170.0,0.0,21.0,12.0,0.0,,Early Childhood Educare,2012-2013,10.0,170.0,148.0,22.0
31,,,,12.0,21.0,5.0,0.0,54.0,0.0,22.0,4.0,0.0,,Early Childhood@ Yates,2012-2013,27.0,75.0,64.0,11.0
32,,,,4.0,29.0,109.0,40.0,267.0,62.0,46.0,31.0,0.0,362.0,Edison Elementary,2012-2013,92.0,371.0,219.0,152.0
33,,,,13.0,10.0,45.0,298.0,510.0,53.0,385.0,18.0,1.0,688.0,Field Club Elementary,2012-2013,66.0,580.0,472.0,108.0
34,,,,4.0,0.0,63.0,22.0,213.0,53.0,38.0,21.0,0.0,295.0,Florence Elementary,2012-2013,54.0,287.0,126.0,161.0
35,,,,4.0,35.0,369.0,78.0,567.0,55.0,80.0,50.0,0.0,664.0,Fontenelle Elementary*,2012-2013,101.0,627.0,538.0,89.0
36,,,,5.0,44.0,133.0,54.0,266.0,24.0,59.0,11.0,0.0,251.0,Franklin Elementary,2012-2013,43.0,267.0,252.0,15.0
37,,,,2.0,12.0,103.0,33.0,206.0,111.0,65.0,37.0,2.0,567.0,Fullerton Magnet,2012-2013,108.0,546.0,221.0,325.0
38,,,,1.0,1.0,11.0,,17.0,2.0,5.0,6.0,0.0,,Gateway to College,2012-2013,5.0,40.0,24.0,16.0
39,,,,6.0,0.0,46.0,132.0,380.0,44.0,224.0,12.0,0.0,456.0,Gilder Elementary,2012-2013,54.0,452.0,288.0,164.0
40,,,,11.0,2.0,7.0,407.0,724.0,92.0,720.0,2.0,1.0,849.0,Gomez Heritage Elementary*,2012-2013,93.0,808.0,743.0,65.0
41,,,,9.0,5.0,211.0,3.0,307.0,8.0,30.0,21.0,1.0,404.0,Hale Middle,2012-2013,87.0,364.0,277.0,87.0
42,,,,4.0,42.0,65.0,60.0,174.0,51.0,35.0,20.0,1.0,332.0,Harrison Elementary,2012-2013,54.0,324.0,167.0,157.0
43,,,,4.0,83.0,165.0,92.0,372.0,30.0,42.0,31.0,0.0,399.0,Hartman Elementary*,2012-2013,79.0,427.0,325.0,102.0
44,,,,8.0,5.0,48.0,224.0,501.0,67.0,441.0,5.0,0.0,552.0,Highland Elementary*,2012-2013,79.0,537.0,507.0,30.0
45,,,,1.0,5.0,24.0,0.0,,0.0,72.0,14.0,2.0,,Homebased PK*,2012-2013,232.0,237.0,118.0,119.0
46,,,,0.0,0.0,1.0,0.0,5.0,0.0,4.0,0.0,0.0,,Homebound,2012-2013,5.0,7.0,5.0,2.0
47,,,,6.0,1.0,126.0,11.0,259.0,2.0,110.0,26.0,1.0,,Independent Study Program,2012-2013,57.0,366.0,270.0,96.0
48,,,,14.0,2.0,145.0,191.0,565.0,40.0,364.0,18.0,1.0,615.0,Indian Hill Elementary*,2012-2013,77.0,585.0,544.0,41.0
49,,,,4.0,0.0,43.0,0.0,92.0,0.0,8.0,10.0,0.0,,Integrated Learning Program at DH,2012-2013,102.0,103.0,65.0,38.0
50,,,,,0.0,10.0,0.0,7.0,0.0,16.0,1.0,0.0,,Interim/Contracted Elementary,2012-2013,39.0,41.0,27.0,14.0
51,,,,4.0,1.0,90.0,,126.0,1.0,33.0,5.0,1.0,,Interim/Contracted Secondary,2012-2013,90.0,166.0,134.0,32.0
52,,,,0.0,0.0,9.0,,19.0,,12.0,1.0,0.0,,J P Lord,2012-2013,37.0,37.0,22.0,15.0
53,,,,5.0,17.0,6.0,140.0,232.0,11.0,211.0,4.0,0.0,281.0,Jackson Elementary*,2012-2013,28.0,255.0,243.0,12.0
54,,,,4.0,12.0,45.0,141.0,453.0,107.0,307.0,22.0,1.0,570.0,Jefferson Elementary,2012-2013,78.0,548.0,391.0,157.0
55,,,,5.0,22.0,72.0,21.0,197.0,60.0,49.0,35.0,0.0,454.0,Joslyn Elementary*,2012-2013,68.0,419.0,183.0,236.0
56,,,,5.0,43.0,155.0,144.0,399.0,42.0,164.0,17.0,0.0,439.0,Kellom Elementary*,2012-2013,86.0,422.0,384.0,38.0
57,,,,2.0,77.0,173.0,67.0,302.0,12.0,22.0,10.0,0.0,240.0,Kennedy Elementary*,2012-2013,45.0,306.0,284.0,22.0
58,,,,5.0,2.0,210.0,18.0,308.0,12.0,45.0,12.0,1.0,346.0,King Elementary*,2012-2013,64.0,328.0,275.0,53.0
59,,,,4.0,8.0,274.0,4.0,383.0,65.0,45.0,29.0,0.0,512.0,King Science Magnet,2012-2013,72.0,541.0,360.0,181.0
60,,,,8.0,73.0,185.0,71.0,486.0,72.0,123.0,44.0,2.0,680.0,Lewis & Clark Middle,2012-2013,124.0,673.0,435.0,238.0
61,,,,11.0,2.0,81.0,291.0,613.0,40.0,427.0,25.0,0.0,665.0,Liberty Elementary*,2012-2013,105.0,650.0,546.0,104.0
62,,,,1.0,1.0,10.0,0.0,19.0,0.0,9.0,0.0,0.0,29.0,"Lord, JP",2012-2013,29.0,29.0,21.0,8.0
63,,,,3.0,2.0,231.0,5.0,296.0,38.0,25.0,28.0,0.0,310.0,Lothrop Magnet Elementary*,2012-2013,66.0,319.0,289.0,30.0
64,,,,8.0,12.0,44.0,186.0,937.0,105.0,869.0,23.0,1.0,1074.0,Marrs Magnet,2012-2013,135.0,1081.0,957.0,124.0
65,,,,2.0,3.0,107.0,14.0,247.0,49.0,48.0,27.0,0.0,322.0,Masters Elementary,2012-2013,68.0,360.0,187.0,173.0
66,,,,4.0,10.0,248.0,8.0,422.0,66.0,80.0,46.0,,585.0,McMillan Magnet,2012-2013,107.0,567.0,388.0,179.0
67,,,,3.0,1.0,245.0,11.0,352.0,56.0,41.0,39.0,0.0,316.0,Miller Park Elementary*,2012-2013,59.0,368.0,329.0,39.0
68,,,,0.0,0.0,242.0,3.0,401.0,17.0,46.0,31.0,0.0,493.0,Minne Lusa Elementary*,2012-2013,76.0,448.0,319.0,129.0
69,,,,7.0,15.0,274.0,15.0,443.0,16.0,52.0,37.0,,497.0,Monroe Middle,2012-2013,105.0,488.0,385.0,103.0
70,,,,7.0,17.0,247.0,8.0,442.0,65.0,71.0,61.0,0.0,764.0,Morton Magnet,2012-2013,144.0,740.0,403.0,337.0
71,,,,3.0,6.0,278.0,11.0,359.0,43.0,30.0,32.0,0.0,420.0,Mount View Elementary*,2012-2013,77.0,387.0,349.0,38.0
72,,,,18.0,6.0,80.0,100.0,861.0,91.0,641.0,33.0,1.0,999.0,Norris Middle,2012-2013,162.0,938.0,779.0,159.0
73,,,,21.0,30.0,582.0,9.0,1023.0,253.0,168.0,138.0,2.0,1792.0,North Magnet,2012-2013,225.0,1617.0,941.0,676.0
74,,,,17.0,30.0,553.0,43.0,956.0,103.0,156.0,119.0,2.0,1187.0,Northwest High,2012-2013,217.0,1213.0,877.0,336.0
75,,,,2.0,1.0,60.0,61.0,226.0,33.0,96.0,16.0,2.0,268.0,Oak Valley Elementary*,2012-2013,75.0,292.0,177.0,115.0
76,,,,1.0,0.0,22.0,,33.0,,7.0,2.0,0.0,,Parrish,2012-2013,4.0,36.0,32.0,4.0
77,,,,0.0,0.0,0.0,0.0,0.0,0.0,0.0,0.0,0.0,,Parrish Elementary,2012-2013,0.0,0.0,0.0,0.0
78,,,,1.0,9.0,42.0,173.0,426.0,86.0,282.0,16.0,0.0,594.0,Pawnee Elementary,2012-2013,48.0,589.0,350.0,239.0
79,,,,1.0,21.0,47.0,7.0,143.0,145.0,35.0,35.0,0.0,535.0,Picotte Elementary,2012-2013,93.0,526.0,139.0,387.0
80,,,,2.0,15.0,117.0,7.0,187.0,40.0,33.0,15.0,0.0,290.0,Pinewood Elementary*,2012-2013,55.0,288.0,182.0,106.0
81,,,,0.0,0.0,11.0,8.0,83.0,18.0,32.0,6.0,0.0,145.0,Ponca Elementary,2012-2013,23.0,158.0,49.0,109.0
82,,,,8.0,26.0,241.0,35.0,455.0,97.0,66.0,69.0,0.0,838.0,Prairie Wind Elementary,2012-2013,106.0,769.0,410.0,359.0
83,,,,2.0,57.0,70.0,57.0,248.0,44.0,40.0,13.0,0.0,359.0,Rose Hill Elementary,2012-2013,53.0,333.0,182.0,151.0
84,,,,2.0,19.0,38.0,3.0,52.0,119.0,34.0,28.0,0.0,530.0,Saddlebrook Elementary,2012-2013,74.0,501.0,121.0,380.0
85,,,,9.0,0.0,164.0,4.0,215.0,22.0,17.0,17.0,0.0,227.0,Saratoga Elementary*,2012-2013,37.0,224.0,207.0,17.0
86,,,,0.0,0.0,2.0,,2.0,,1.0,0.0,0.0,,Secondary Success Program,2012-2013,3.0,3.0,3.0,0.0
87,,,,6.0,0.0,15.0,53.0,228.0,19.0,116.0,11.0,0.0,238.0,Sherman Elementary*,2012-2013,49.0,242.0,148.0,94.0
88,,,,4.0,4.0,284.0,12.0,357.0,35.0,40.0,25.0,1.0,426.0,Skinner Magnet,2012-2013,59.0,408.0,358.0,50.0
89,,,,30.0,103.0,239.0,191.0,1970.0,180.0,1533.0,79.0,,2256.0,South Magnet,2012-2013,268.0,2222.0,1984.0,238.0
90,,,,8.0,2.0,23.0,414.0,706.0,90.0,646.0,10.0,5.0,744.0,Spring Lake Magnet*,2012-2013,105.0,801.0,694.0,107.0
91,,,,9.0,9.0,115.0,9.0,184.0,63.0,43.0,48.0,4.0,445.0,Springville Elementary,2012-2013,43.0,424.0,228.0,196.0
92,,,,3.0,41.0,44.0,16.0,151.0,97.0,39.0,21.0,0.0,610.0,Standing Bear Elementary*,2012-2013,95.0,587.0,148.0,439.0
93,,,,2.0,8.0,127.0,15.0,276.0,54.0,46.0,23.0,0.0,456.0,Sunny Slope Elementary*,2012-2013,87.0,465.0,206.0,259.0
94,,,,2.0,4.0,24.0,,71.0,,20.0,6.0,0.0,,Transition Program at PVA&CC,2012-2013,104.0,104.0,56.0,48.0
95,,,,0.0,1.0,0.0,,15.0,6.0,4.0,1.0,0.0,,UNO/OPS Middle College Program,2012-2013,0.0,30.0,6.0,24.0
96,,,,5.0,6.0,223.0,7.0,284.0,12.0,23.0,17.0,1.0,291.0,Wakonda Elementary*,2012-2013,68.0,305.0,275.0,30.0
97,,,,6.0,67.0,161.0,122.0,422.0,40.0,111.0,27.0,0.0,439.0,Walnut Hill Elementary,2012-2013,51.0,438.0,372.0,66.0
98,,,,2.0,12.0,44.0,22.0,162.0,30.0,61.0,11.0,1.0,284.0,Washington Elementary*,2012-2013,62.0,290.0,131.0,159.0
99,,,,1.0,6.0,133.0,32.0,305.0,49.0,47.0,28.0,0.0,378.0,Western Hills Magnet,2012-2013,79.0,391.0,215.0,176.0
100,,,,1.0,3.0,71.0,5.0,92.0,50.0,20.0,5.0,0.0,180.0,Wilson Focus School,2012-2013,21.0,176.0,100.0,76.0
0,,,,9.0,42.0,,10.0,,,,79.0,0.0,,A. Buffett Magnet,2013-2014,,,,
1,,,,2.0,3.0,,8.0,,,,12.0,0.0,,Accelere,2013-2014,,,,
2,,,,6.0,10.0,,34.0,,,,14.0,2.0,,Adams Elementary,2013-2014,,,,
3,,,,11.0,10.0,,257.0,,,,25.0,0.0,,Ashland Park/Robbins*,2013-2014,,,,
4,,,,10.0,1.0,,230.0,,,,23.0,0.0,,Bancroft Elementary*,2013-2014,,,,
5,,,,3.0,33.0,,98.0,,,,32.0,0.0,,Beals Elementary*,2013-2014,,,,
6,,,,0.0,27.0,,75.0,,,,18.0,0.0,,Belle Ryan Elementary*,2013-2014,,,,
7,,,,2.0,6.0,,24.0,,,,25.0,0.0,,Belvedere Elementary*,2013-2014,,,,
8,,,,14.0,121.0,,124.0,,,,97.0,5.0,,Benson Magnet,2013-2014,,,,
9,,,,4.0,60.0,,86.0,,,,44.0,1.0,,Benson West Elementary,2013-2014,,,,
10,,,,8.0,44.0,,54.0,,,,29.0,1.0,,Beveridge Magnet,2013-2014,,,,
11,,,,2.0,,,2.0,,,,15.0,0.0,,Blackburn High,2013-2014,,,,
12,,,,2.0,27.0,,44.0,,,,39.0,0.0,,Boyd Elementary*,2013-2014,,,,
13,,,,12.0,47.0,,130.0,,,,57.0,3.0,,Bryan High,2013-2014,,,,
14,,,,20.0,12.0,,41.0,,,,19.0,2.0,,Bryan Middle,2013-2014,,,,
15,,,,12.0,80.0,,41.0,,,,124.0,4.0,,Burke High,2013-2014,,,,
16,,,,9.0,0.0,,321.0,,,,6.0,0.0,,Castelar Elementary*,2013-2014,,,,
17,,,,3.0,4.0,,30.0,,,,13.0,1.0,,Catlin Magnet,2013-2014,,,,
18,,,,21.0,92.0,,94.0,,,,198.0,3.0,,Central High,2013-2014,,,,
19,,,,2.0,16.0,,17.0,,,,35.0,0.0,,Central Park Elementary*,2013-2014,,,,
20,,,,8.0,6.0,,203.0,,,,31.0,2.0,,Chandler View Elementary,2013-2014,,,,
21,,,,1.0,7.0,,11.0,,,,10.0,0.0,,Columbian Elementary*,2013-2014,,,,
22,,,,4.0,6.0,,40.0,,,,25.0,0.0,,Conestoga Magnet,2013-2014,,,,
23,,,,1.0,10.0,,130.0,,,,14.0,0.0,,Crestridge Magnet,2013-2014,,,,
24,,,,2.0,3.0,,3.0,,,,30.0,0.0,,Davis Middle,2013-2014,,,,
25,,,,5.0,11.0,,15.0,,,,20.0,5.0,,Dodge Elementary*,2013-2014,,,,
26,,,,4.0,17.0,,43.0,,,,19.0,1.0,,Druid Hill Elementary*,2013-2014,,,,
27,,,,2.0,31.0,,53.0,,,,55.0,1.0,,Dundee Elementary,2013-2014,,,,
28,,,,1.0,27.0,,49.0,,,,,2.0,,ESL Teen Literacy,2013-2014,,,,
29,,,,1.0,1.0,,0.0,,,,4.0,0.0,,Early Childhood Center @ Gateway,2013-2014,,,,
30,,,,0.0,0.0,,0.0,,,,0.0,0.0,,Early Childhood Educare @ Conestoga,2013-2014,,,,
31,,,,0.0,1.0,,0.0,,,,5.0,2.0,,Early Childhood Educare @ Indian Hill,2013-2014,,,,
32,,,,0.0,1.0,,0.0,,,,13.0,0.0,,Early Childhood Educare @ Kellom,2013-2014,,,,
33,,,,8.0,22.0,,0.0,,,,5.0,0.0,,Early Childhood@ Yates,2013-2014,,,,
34,,,,4.0,33.0,,50.0,,,,38.0,0.0,,Edison Elementary,2013-2014,,,,
35,,,,6.0,13.0,,316.0,,,,16.0,1.0,,Field Club Elementary,2013-2014,,,,
36,,,,2.0,1.0,,21.0,,,,20.0,0.0,,Florence Elementary,2013-2014,,,,
37,,,,3.0,50.0,,86.0,,,,39.0,0.0,,Fontenelle Elementary*,2013-2014,,,,
38,,,,7.0,33.0,,53.0,,,,24.0,0.0,,Franklin Elementary,2013-2014,,,,
39,,,,3.0,12.0,,35.0,,,,37.0,2.0,,Fullerton Magnet,2013-2014,,,,
40,,,,15.0,2.0,,268.0,,,,11.0,0.0,,Gateway Elementary,2013-2014,,,,
41,,,,0.0,0.0,,0.0,,,,1.0,0.0,,Gateway to College,2013-2014,,,,
42,,,,8.0,0.0,,125.0,,,,13.0,0.0,,Gilder Elementary,2013-2014,,,,
43,,,,12.0,4.0,,451.0,,,,8.0,1.0,,Gomez Heritage Elementary*,2013-2014,,,,
44,,,,6.0,5.0,,0.0,,,,22.0,1.0,,Hale Middle,2013-2014,,,,
45,,,,3.0,46.0,,56.0,,,,19.0,0.0,,Harrison Elementary,2013-2014,,,,
46,,,,3.0,106.0,,110.0,,,,33.0,0.0,,Hartman Elementary*,2013-2014,,,,
47,,,,4.0,3.0,,199.0,,,,5.0,0.0,,Highland Elementary*,2013-2014,,,,
48,,,,0.0,3.0,,0.0,,,,21.0,2.0,,Homebased PK*,2013-2014,,,,
49,,,,0.0,0.0,,0.0,,,,0.0,0.0,,Homebound,2013-2014,,,,
50,,,,5.0,3.0,,3.0,,,,12.0,0.0,,Independent Study Program,2013-2014,,,,
51,,,,14.0,1.0,,222.0,,,,20.0,1.0,,Indian Hill Elementary*,2013-2014,,,,
52,,,,3.0,0.0,,0.0,,,,8.0,0.0,,Integrated Learning Program at DH,2013-2014,,,,
53,,,,0.0,0.0,,0.0,,,,1.0,0.0,,Interim/Contracted Elementary,2013-2014,,,,
54,,,,8.0,2.0,,1.0,,,,15.0,0.0,,Interim/Contracted Secondary,2013-2014,,,,
55,,,,0.0,0.0,,0.0,,,,0.0,0.0,,J P Lord,2013-2014,,,,
56,,,,3.0,20.0,,131.0,,,,4.0,0.0,,Jackson Elementary*,2013-2014,,,,
57,,,,3.0,9.0,,145.0,,,,21.0,0.0,,Jefferson Elementary,2013-2014,,,,
58,,,,5.0,26.0,,31.0,,,,29.0,0.0,,Joslyn Elementary*,2013-2014,,,,
59,,,,7.0,43.0,,138.0,,,,15.0,0.0,,Kellom Elementary*,2013-2014,,,,
60,,,,3.0,77.0,,60.0,,,,11.0,0.0,,Kennedy Elementary*,2013-2014,,,,
61,,,,5.0,7.0,,28.0,,,,20.0,1.0,,King Elementary*,2013-2014,,,,
62,,,,2.0,8.0,,5.0,,,,32.0,0.0,,King Science Magnet,2013-2014,,,,
63,,,,4.0,91.0,,83.0,,,,34.0,1.0,,Lewis & Clark Middle,2013-2014,,,,
64,,,,7.0,9.0,,334.0,,,,23.0,0.0,,Liberty Elementary*,2013-2014,,,,
65,,,,1.0,2.0,,0.0,,,,0.0,0.0,,"Lord, JP",2013-2014,,,,
66,,,,1.0,0.0,,17.0,,,,29.0,0.0,,Lothrop Magnet Elementary*,2013-2014,,,,
67,,,,11.0,12.0,,197.0,,,,19.0,1.0,,Marrs Magnet,2013-2014,,,,
68,,,,2.0,3.0,,13.0,,,,23.0,0.0,,Masters Elementary,2013-2014,,,,
69,,,,6.0,10.0,,7.0,,,,32.0,0.0,,McMillan Magnet,2013-2014,,,,
70,,,,3.0,1.0,,11.0,,,,30.0,0.0,,Miller Park Elementary*,2013-2014,,,,
71,,,,5.0,1.0,,1.0,,,,34.0,0.0,,Minne Lusa Elementary*,2013-2014,,,,
72,,,,3.0,32.0,,18.0,,,,27.0,0.0,,Monroe Middle,2013-2014,,,,
73,,,,8.0,11.0,,2.0,,,,40.0,0.0,,Morton Magnet,2013-2014,,,,
74,,,,3.0,10.0,,6.0,,,,38.0,0.0,,Mount View Elementary*,2013-2014,,,,
75,,,,20.0,8.0,,86.0,,,,29.0,1.0,,Norris Middle,2013-2014,,,,
76,,,,21.0,28.0,,5.0,,,,136.0,2.0,,North Magnet,2013-2014,,,,
77,,,,11.0,60.0,,70.0,,,,99.0,3.0,,Northwest High,2013-2014,,,,
78,,,,2.0,3.0,,73.0,,,,16.0,2.0,,Oak Valley Elementary*,2013-2014,,,,
79,,,,2.0,0.0,,0.0,,,,3.0,0.0,,Parrish,2013-2014,,,,
80,,,,0.0,0.0,,0.0,,,,0.0,0.0,,Parrish Elementary,2013-2014,,,,
81,,,,1.0,6.0,,111.0,,,,14.0,0.0,,Pawnee Elementary,2013-2014,,,,
82,,,,1.0,24.0,,13.0,,,,38.0,0.0,,Picotte Elementary,2013-2014,,,,
83,,,,1.0,10.0,,5.0,,,,14.0,1.0,,Pinewood Elementary*,2013-2014,,,,
84,,,,0.0,1.0,,7.0,,,,6.0,0.0,,Ponca Elementary,2013-2014,,,,
85,,,,6.0,26.0,,34.0,,,,68.0,0.0,,Prairie Wind Elementary,2013-2014,,,,
86,,,,4.0,81.0,,83.0,,,,13.0,0.0,,Rose Hill Elementary,2013-2014,,,,
87,,,,3.0,16.0,,5.0,,,,29.0,0.0,,Saddlebrook Elementary,2013-2014,,,,
88,,,,8.0,2.0,,6.0,,,,17.0,0.0,,Saratoga Elementary*,2013-2014,,,,
89,,,,0.0,0.0,,0.0,,,,0.0,0.0,,Secondary Success Program,2013-2014,,,,
90,,,,3.0,0.0,,46.0,,,,8.0,6.0,,Sherman Elementary*,2013-2014,,,,
91,,,,7.0,13.0,,26.0,,,,27.0,2.0,,Skinner Magnet,2013-2014,,,,
92,,,,41.0,94.0,,200.0,,,,70.0,0.0,,South Magnet,2013-2014,,,,
93,,,,8.0,3.0,,449.0,,,,13.0,0.0,,Spring Lake Magnet*,2013-2014,,,,
94,,,,9.0,20.0,,16.0,,,,48.0,4.0,,Springville Elementary,2013-2014,,,,
95,,,,1.0,33.0,,19.0,,,,33.0,0.0,,Standing Bear Elementary*,2013-2014,,,,
96,,,,2.0,9.0,,22.0,,,,32.0,3.0,,Sunny Slope Elementary*,2013-2014,,,,
97,,,,132.0,522.0,,664.0,,,,781.0,20.0,,Total Senior High,2013-2014,,,,
98,,,,3.0,5.0,,0.0,,,,9.0,0.0,,Transition Program at PVA&CC,2013-2014,,,,
99,,,,1.0,0.0,,0.0,,,,2.0,0.0,,UNO/OPS Middle College Program,2013-2014,,,,
100,,,,8.0,9.0,,11.0,,,,25.0,2.0,,Wakonda Elementary*,2013-2014,,,,
101,,,,7.0,98.0,,155.0,,,,24.0,0.0,,Walnut Hill Elementary,2013-2014,,,,
102,,,,3.0,11.0,,28.0,,,,11.0,0.0,,Washington Elementary*,2013-2014,,,,
103,,,,0.0,5.0,,32.0,,,,29.0,0.0,,Western Hills Magnet,2013-2014,,,,
104,,,,0.0,6.0,,8.0,,,,7.0,1.0,,Wilson Focus School,2013-2014,,,,
0,,,,5.0,52.0,208.0,7.0,,188.0,,78.0,0.0,,A. Buffett Magnet,2014-2015,144.0,,,
1,,,,3.0,2.0,61.0,4.0,,,,9.0,1.0,,Accelere,2014-2015,19.0,,,
2,,,,5.0,7.0,86.0,31.0,,65.0,,21.0,1.0,,Adams Elementary,2014-2015,57.0,,,
3,,,,11.0,5.0,47.0,270.0,,21.0,,16.0,,,Ashland Park/Robbins*,2014-2015,181.0,,,
4,,,,7.0,1.0,23.0,254.0,,56.0,,18.0,,,Bancroft Elementary*,2014-2015,126.0,,,
5,,,,1.0,39.0,33.0,94.0,,47.0,,34.0,,,Beals Elementary*,2014-2015,75.0,,,
6,,,,2.0,29.0,66.0,66.0,,44.0,,25.0,,,Belle Ryan Elementary*,2014-2015,70.0,,,
7,,,,2.0,9.0,382.0,28.0,,17.0,,29.0,,,Belvedere Elementary*,2014-2015,82.0,,,
8,,,,14.0,153.0,387.0,161.0,,112.0,,83.0,7.0,,Benson Magnet,2014-2015,201.0,,,
9,,,,4.0,88.0,186.0,111.0,,51.0,,37.0,,,Benson West Elementary,2014-2015,92.0,,,
10,,,,8.0,39.0,105.0,52.0,,76.0,,29.0,2.0,,Beveridge Magnet,2014-2015,134.0,,,
11,,,,1.0,0.0,105.0,,,,,9.0,0.0,,Blackburn High,2014-2015,48.0,,,
12,,,,3.0,33.0,185.0,49.0,,27.0,,41.0,,,Boyd Elementary*,2014-2015,81.0,,,
13,,,,12.0,41.0,195.0,119.0,,155.0,,50.0,2.0,,Bryan High,2014-2015,264.0,,,
14,,,,21.0,9.0,92.0,48.0,,221.0,,19.0,2.0,,Bryan Middle,2014-2015,153.0,,,
15,,,,15.0,81.0,409.0,31.0,,588.0,,108.0,3.0,,Burke High,2014-2015,277.0,,,
16,,,,11.0,,11.0,351.0,,54.0,,9.0,,,Castelar Elementary*,2014-2015,61.0,,,
17,,,,3.0,3.0,25.0,34.0,,49.0,,12.0,1.0,,Catlin Magnet,2014-2015,47.0,,,
18,,,,25.0,115.0,571.0,121.0,,607.0,,173.0,2.0,,Central High,2014-2015,273.0,,,
19,,,,2.0,23.0,339.0,19.0,,44.0,,28.0,,,Central Park Elementary*,2014-2015,72.0,,,
20,,,,5.0,6.0,67.0,211.0,,110.0,,35.0,2.0,,Chandler View Elementary,2014-2015,150.0,,,
21,,,,3.0,12.0,44.0,13.0,,66.0,,16.0,,,Columbian Elementary*,2014-2015,63.0,,,
22,,,,3.0,10.0,271.0,30.0,,29.0,,22.0,,,Conestoga Magnet,2014-2015,79.0,,,
23,,,,1.0,15.0,40.0,135.0,,62.0,,15.0,,,Crestridge Magnet,2014-2015,62.0,,,
24,,,,6.0,10.0,162.0,4.0,,85.0,,46.0,0.0,,Davis Middle,2014-2015,104.0,,,
25,,,,4.0,11.0,97.0,30.0,,30.0,,24.0,4.0,,Dodge Elementary*,2014-2015,86.0,,,
26,,,,3.0,16.0,234.0,36.0,,18.0,,22.0,,,Druid Hill Elementary*,2014-2015,93.0,,,
27,,,,4.0,23.0,48.0,54.0,,104.0,,48.0,,,Dundee Elementary,2014-2015,78.0,,,
28,,,,1.0,33.0,7.0,87.0,,3.0,,1.0,0.0,,ESL Teen Literacy,2014-2015,3.0,,,
29,,,,,,,0.0,,0.0,,,,,Early Childhood Center @ Gateway,2014-2015,,,,
30,,,,,,,0.0,,0.0,,,,,Early Childhood Educare @ Conestoga,2014-2015,,,,
31,,,,0.0,1.0,10.0,0.0,,0.0,,3.0,0.0,,Early Childhood Educare @ Indian Hill,2014-2015,17.0,,,
32,,,,0.0,2.0,96.0,0.0,,0.0,,14.0,0.0,,Early Childhood Educare @ Kellom,2014-2015,21.0,,,
33,,,,9.0,24.0,2.0,0.0,,0.0,,5.0,0.0,,Early Childhood@ Yates,2014-2015,17.0,,,
34,,,,7.0,39.0,135.0,49.0,,58.0,,33.0,,,Edison Elementary,2014-2015,90.0,,,
35,,,,6.0,17.0,41.0,309.0,,33.0,,27.0,2.0,,Field Club Elementary,2014-2015,89.0,,,
36,,,,5.0,2.0,70.0,25.0,,33.0,,21.0,,,Florence Elementary,2014-2015,47.0,,,
37,,,,5.0,97.0,350.0,120.0,,76.0,,46.0,,,Fontenelle Elementary*,2014-2015,117.0,,,
38,,,,8.0,45.0,157.0,66.0,,35.0,,20.0,,,Franklin Elementary,2014-2015,55.0,,,
39,,,,2.0,16.0,123.0,45.0,,100.0,,44.0,2.0,,Fullerton Magnet,2014-2015,119.0,,,
40,,,,10.0,6.0,30.0,321.0,,45.0,,19.0,,,Gateway Elementary,2014-2015,156.0,,,
41,,,,0.0,0.0,9.0,,,1.0,,3.0,0.0,,Gateway to College,2014-2015,2.0,,,
42,,,,3.0,1.0,37.0,105.0,,40.0,,14.0,,,Gilder Elementary,2014-2015,67.0,,,
43,,,,9.0,5.0,17.0,462.0,,87.0,,18.0,1.0,,Gomez Heritage Elementary*,2014-2015,98.0,,,
44,,,,7.0,10.0,168.0,2.0,,47.0,,27.0,1.0,,Hale Middle,2014-2015,84.0,,,
45,,,,4.0,50.0,73.0,63.0,,49.0,,33.0,1.0,,Harrison Elementary,2014-2015,74.0,,,
46,,,,5.0,121.0,195.0,125.0,,25.0,,26.0,1.0,,Hartman Elementary*,2014-2015,91.0,,,
47,,,,4.0,1.0,45.0,203.0,,44.0,,6.0,,,Highland Elementary*,2014-2015,61.0,,,
48,,,,0.0,7.0,38.0,0.0,,0.0,,15.0,0.0,,Homebased PK*,2014-2015,243.0,,,
49,,,,0.0,0.0,3.0,0.0,,0.0,,1.0,0.0,,Homebound,2014-2015,6.0,,,
50,,,,4.0,4.0,75.0,7.0,,1.0,,16.0,0.0,,Independent Study Program,2014-2015,55.0,,,
51,,,,9.0,,149.0,252.0,,48.0,,20.0,1.0,,Indian Hill Elementary*,2014-2015,97.0,,,
52,,,,4.0,0.0,50.0,0.0,,2.0,,7.0,0.0,,Integrated Learning Program at DH,2014-2015,117.0,,,
53,,,,6.0,2.0,80.0,0.0,,0.0,,16.0,1.0,,Interim/Contracted Elementary,2014-2015,29.0,,,
54,,,,0.0,1.0,10.0,3.0,,4.0,,3.0,0.0,,Interim/Contracted Secondary,2014-2015,98.0,,,
55,,,,0.0,0.0,9.0,,,,,1.0,0.0,,J P Lord,2014-2015,32.0,,,
56,,,,3.0,11.0,10.0,126.0,,27.0,,3.0,,,Jackson Elementary*,2014-2015,34.0,,,
57,,,,4.0,6.0,34.0,156.0,,63.0,,20.0,,,Jefferson Elementary,2014-2015,91.0,,,
58,,,,3.0,42.0,86.0,38.0,,45.0,,38.0,,,Joslyn Elementary*,2014-2015,52.0,,,
59,,,,11.0,34.0,179.0,129.0,,43.0,,16.0,,,Kellom Elementary*,2014-2015,75.0,,,
60,,,,3.0,73.0,164.0,57.0,,16.0,,14.0,,,Kennedy Elementary*,2014-2015,50.0,,,
61,,,,4.0,10.0,219.0,32.0,,36.0,,24.0,3.0,,King Elementary*,2014-2015,57.0,,,
62,,,,5.0,7.0,255.0,9.0,,42.0,,32.0,1.0,,King Science Magnet,2014-2015,103.0,,,
63,,,,10.0,99.0,222.0,83.0,,183.0,,26.0,1.0,,Lewis & Clark Middle,2014-2015,134.0,,,
64,,,,7.0,5.0,83.0,328.0,,47.0,,24.0,1.0,,Liberty Elementary*,2014-2015,102.0,,,
65,,,,1.0,2.0,6.0,0.0,,0.0,,0.0,0.0,,"Lord, JP",2014-2015,30.0,,,
66,,,,1.0,2.0,210.0,19.0,,39.0,,32.0,,,Lothrop Magnet Elementary*,2014-2015,58.0,,,
67,,,,17.0,8.0,45.0,187.0,,295.0,,19.0,0.0,,Marrs Magnet,2014-2015,192.0,,,
68,,,,1.0,6.0,120.0,18.0,,33.0,,26.0,,,Masters Elementary,2014-2015,69.0,,,
69,,,,6.0,6.0,207.0,4.0,,97.0,,28.0,2.0,,McMillan Magnet,2014-2015,91.0,,,
70,,,,2.0,5.0,275.0,16.0,,53.0,,36.0,,,Miller Park Elementary*,2014-2015,72.0,,,
71,,,,5.0,1.0,197.0,9.0,,37.0,,37.0,2.0,,Minne Lusa Elementary*,2014-2015,74.0,,,
72,,,,7.0,95.0,283.0,62.0,,11.0,,38.0,0.0,,Monroe Middle,2014-2015,148.0,,,
73,,,,4.0,4.0,247.0,2.0,,61.0,,35.0,1.0,,Morton Magnet,2014-2015,116.0,,,
74,,,,3.0,21.0,274.0,18.0,,25.0,,43.0,,,Mount View Elementary*,2014-2015,77.0,,,
75,,,,16.0,14.0,90.0,111.0,,19.0,,40.0,2.0,,Norris Middle,2014-2015,217.0,,,
76,,,,18.0,31.0,640.0,6.0,,350.0,,121.0,1.0,,North Magnet,2014-2015,224.0,,,
77,,,,14.0,101.0,652.0,110.0,,189.0,,102.0,3.0,,Northwest High,2014-2015,285.0,,,
78,,,,3.0,,68.0,67.0,,28.0,,11.0,2.0,,Oak Valley Elementary*,2014-2015,78.0,,,
79,,,,0.0,1.0,13.0,,,1.0,,3.0,0.0,,Parrish,2014-2015,10.0,,,
80,,,,0.0,0.0,0.0,0.0,,0.0,,0.0,0.0,,Parrish Elementary,2014-2015,0.0,,,
81,,,,1.0,7.0,36.0,106.0,,56.0,,16.0,,,Pawnee Elementary,2014-2015,55.0,,,
82,,,,,18.0,36.0,11.0,,98.0,,22.0,1.0,,Picotte Elementary,2014-2015,66.0,,,
83,,,,1.0,11.0,107.0,6.0,,14.0,,11.0,1.0,,Pinewood Elementary*,2014-2015,51.0,,,
84,,,,1.0,1.0,8.0,3.0,,33.0,,9.0,,,Ponca Elementary,2014-2015,19.0,,,
85,,,,3.0,28.0,215.0,49.0,,70.0,,58.0,,,Prairie Wind Elementary,2014-2015,104.0,,,
86,,,,4.0,75.0,54.0,67.0,,35.0,,20.0,,,Rose Hill Elementary,2014-2015,51.0,,,
87,,,,3.0,15.0,40.0,4.0,,81.0,,31.0,1.0,,Saddlebrook Elementary,2014-2015,83.0,,,
88,,,,1.0,7.0,146.0,12.0,,17.0,,17.0,,,Saratoga Elementary*,2014-2015,46.0,,,
89,,,,0.0,0.0,7.0,1.0,,,,0.0,0.0,,Secondary Success Program,2014-2015,1.0,,,
90,,,,2.0,3.0,5.0,50.0,,21.0,,6.0,,,Sherman Elementary*,2014-2015,57.0,,,
91,,,,3.0,17.0,284.0,28.0,,44.0,,24.0,2.0,,Skinner Magnet,2014-2015,74.0,,,
92,,,,35.0,77.0,248.0,227.0,,357.0,,53.0,1.0,,South Magnet,2014-2015,287.0,,,
93,,,,5.0,2.0,23.0,460.0,,38.0,,10.0,,,Spring Lake Magnet*,2014-2015,101.0,,,
94,,,,9.0,19.0,119.0,18.0,,47.0,,60.0,3.0,,Springville Elementary,2014-2015,44.0,,,
95,,,,,25.0,51.0,18.0,,89.0,,41.0,,,Standing Bear Elementary*,2014-2015,67.0,,,
96,,,,4.0,11.0,164.0,18.0,,55.0,,37.0,3.0,,Sunny Slope Elementary*,2014-2015,74.0,,,
97,,,,0.0,0.0,10.0,,,,,3.0,0.0,,Transition Program at Career Center,2014-2015,23.0,,,
98,,,,0.0,0.0,1.0,,,,,0.0,0.0,,Transition Program at Embassy Suites,2014-2015,9.0,,,
99,,,,1.0,1.0,18.0,,,,,3.0,0.0,,Transition Program at PVA,2014-2015,62.0,,,
100,,,,1.0,2.0,4.0,,,,,2.0,0.0,,Transition Program at Saratoga,2014-2015,18.0,,,
101,,,,0.0,0.0,2.0,,,7.0,,5.0,0.0,,UNO/OPS Middle College Program,2014-2015,0.0,,,
102,,,,5.0,22.0,251.0,21.0,,43.0,,25.0,1.0,,Wakonda Elementary*,2014-2015,91.0,,,
103,,,,5.0,115.0,153.0,159.0,,49.0,,22.0,1.0,,Walnut Hill Elementary,2014-2015,35.0,,,
104,,,,7.0,20.0,53.0,36.0,,44.0,,19.0,,,Washington Elementary*,2014-2015,66.0,,,
105,,,,,6.0,144.0,35.0,,42.0,,23.0,,,Western Hills Magnet,2014-2015,75.0,,,
106,,,,,9.0,70.0,11.0,,52.0,,12.0,1.0,,Wilson Focus School,2014-2015,31.0,,,
0,,,,1.0,55.0,198.0,8.0,,,,74.0,1.0,,A. Buffett Magnet,2015-2016,155.0,,,
1,,,,2.0,4.0,46.0,8.0,,,,11.0,0.0,,Accelere,2015-2016,27.0,,,
2,,,,3.0,11.0,119.0,37.0,,,,17.0,1.0,,Adams Elementary,2015-2016,63.0,,,
3,,,,8.0,4.0,43.0,267.0,,,,11.0,0.0,,Ashland Park/Robbins*,2015-2016,192.0,,,
4,,,,6.0,3.0,24.0,234.0,,,,23.0,0.0,,Bancroft Elementary*,2015-2016,109.0,,,
5,,,,0.0,33.0,31.0,80.0,,,,34.0,0.0,,Beals Elementary*,2015-2016,62.0,,,
6,,,,1.0,34.0,70.0,72.0,,,,13.0,0.0,,Belle Ryan Elementary*,2015-2016,65.0,,,
7,,,,0.0,14.0,363.0,32.0,,,,32.0,0.0,,Belvedere Elementary*,2015-2016,77.0,,,
8,,,,11.0,206.0,475.0,207.0,,,,63.0,10.0,,Benson Magnet,2015-2016,248.0,,,
9,,,,3.0,107.0,164.0,113.0,,,,50.0,0.0,,Benson West Elementary,2015-2016,97.0,,,
10,,,,2.0,34.0,77.0,38.0,,,,28.0,2.0,,Beveridge Magnet,2015-2016,103.0,,,
11,,,,3.0,0.0,71.0,,,,,8.0,0.0,,Blackburn High,2015-2016,39.0,,,
12,,,,3.0,43.0,174.0,49.0,,,,47.0,0.0,,Boyd Elementary*,2015-2016,95.0,,,
13,,,,14.0,54.0,220.0,140.0,,,,41.0,1.0,,Bryan High,2015-2016,285.0,,,
14,,,,10.0,12.0,84.0,47.0,,,,20.0,0.0,,Bryan Middle,2015-2016,152.0,,,
15,,,,14.0,76.0,417.0,29.0,,,,105.0,4.0,,Burke High,2015-2016,286.0,,,
16,,,,7.0,0.0,7.0,368.0,,,,11.0,0.0,,Castelar Elementary*,2015-2016,58.0,,,
17,,,,2.0,3.0,29.0,16.0,,,,9.0,0.0,,Catlin Magnet,2015-2016,47.0,,,
18,,,,33.0,92.0,555.0,94.0,,,,156.0,3.0,,Central High,2015-2016,262.0,,,
19,,,,2.0,19.0,325.0,19.0,,,,23.0,1.0,,Central Park Elementary*,2015-2016,73.0,,,
20,,,,5.0,7.0,76.0,177.0,,,,46.0,2.0,,Chandler View Elementary,2015-2016,141.0,,,
21,,,,2.0,13.0,39.0,11.0,,,,19.0,0.0,,Columbian Elementary*,2015-2016,53.0,,,
22,,,,5.0,15.0,263.0,32.0,,,,17.0,0.0,,Conestoga Magnet,2015-2016,64.0,,,
23,,,,2.0,17.0,41.0,122.0,,,,22.0,2.0,,Crestridge Magnet,2015-2016,77.0,,,
24,,,,6.0,15.0,153.0,6.0,,,,57.0,2.0,,Davis Middle,2015-2016,108.0,,,
25,,,,5.0,19.0,130.0,32.0,,,,39.0,4.0,,Dodge Elementary*,2015-2016,84.0,,,
26,,,,0.0,19.0,224.0,33.0,,,,22.0,0.0,,Druid Hill Elementary*,2015-2016,95.0,,,
27,,,,3.0,33.0,44.0,46.0,,,,58.0,2.0,,Dundee Elementary,2015-2016,82.0,,,
28,,,,1.0,35.0,11.0,104.0,,,,1.0,0.0,,ESL Teen Literacy,2015-2016,2.0,,,
29,,,,,,,0.0,,0.0,,,,,Early Childhood Center @ Gateway,2015-2016,,,,
30,,,,,,,0.0,,0.0,,,,,Early Childhood Educare @ Conestoga,2015-2016,,,,
31,,,,0.0,1.0,10.0,,,,,2.0,1.0,,Early Childhood Educare @ Indian Hill,2015-2016,13.0,,,
32,,,,0.0,0.0,74.0,,,,,7.0,1.0,,Early Childhood Educare @ Kellom,2015-2016,12.0,,,
33,,,,7.0,28.0,5.0,,,,,4.0,1.0,,Early Childhood@ Yates,2015-2016,26.0,,,
34,,,,5.0,35.0,137.0,55.0,,,,34.0,0.0,,Edison Elementary,2015-2016,83.0,,,
35,,,,8.0,16.0,51.0,252.0,,,,18.0,1.0,,Field Club Elementary,2015-2016,82.0,,,
36,,,,5.0,2.0,63.0,21.0,,,,22.0,0.0,,Florence Elementary,2015-2016,47.0,,,
37,,,,3.0,132.0,318.0,126.0,,,,44.0,0.0,,Fontenelle Elementary*,2015-2016,122.0,,,
38,,,,7.0,41.0,161.0,62.0,,,,20.0,0.0,,Franklin Elementary,2015-2016,57.0,,,
39,,,,4.0,16.0,95.0,47.0,,,,41.0,1.0,,Fullerton Magnet,2015-2016,98.0,,,
40,,,,10.0,4.0,20.0,302.0,,,,22.0,2.0,,Gateway Elementary,2015-2016,164.0,,,
41,,,,0.0,0.0,6.0,,,,,0.0,0.0,,Gateway to College,2015-2016,1.0,,,
42,,,,2.0,3.0,43.0,104.0,,,,18.0,0.0,,Gilder Elementary,2015-2016,68.0,,,
43,,,,8.0,1.0,6.0,407.0,,,,10.0,0.0,,Gomez Heritage Elementary*,2015-2016,97.0,,,
44,,,,4.0,16.0,174.0,2.0,,,,22.0,0.0,,Hale Middle,2015-2016,82.0,,,
45,,,,6.0,53.0,59.0,55.0,,,,27.0,0.0,,Harrison Elementary,2015-2016,66.0,,,
46,,,,4.0,151.0,165.0,122.0,,,,37.0,1.0,,Hartman Elementary*,2015-2016,97.0,,,
47,,,,3.0,2.0,48.0,193.0,,,,11.0,0.0,,Highland Elementary*,2015-2016,78.0,,,
48,,,,1.0,6.0,25.0,,,,,10.0,3.0,,Homebased PK*,2015-2016,235.0,,,
49,,,,1.0,0.0,5.0,,,,,1.0,0.0,,Homebound,2015-2016,15.0,,,
50,,,,1.0,0.0,72.0,3.0,,,,14.0,0.0,,Independent Study Program,2015-2016,48.0,,,
51,,,,7.0,0.0,129.0,223.0,,,,21.0,1.0,,Indian Hill Elementary*,2015-2016,88.0,,,
52,,,,2.0,0.0,49.0,1.0,,,,9.0,0.0,,Integrated Learning Program at DH,2015-2016,112.0,,,
53,,,,,,,,,,,,,,Interim/Contracted Elementary,2015-2016,35.0,,,
54,,,,10.0,2.0,96.0,1.0,,,,12.0,0.0,,Interim/Contracted Secondary,2015-2016,99.0,,,
55,,,,1.0,2.0,14.0,,,,,2.0,0.0,,J P Lord,2015-2016,28.0,,,
56,,,,0.0,7.0,9.0,113.0,,,,3.0,0.0,,Jackson Elementary*,2015-2016,27.0,,,
57,,,,3.0,6.0,32.0,140.0,,,,18.0,0.0,,Jefferson Elementary,2015-2016,86.0,,,
58,,,,3.0,46.0,95.0,41.0,,,,47.0,1.0,,Joslyn Elementary*,2015-2016,65.0,,,
59,,,,9.0,33.0,189.0,107.0,,,,17.0,0.0,,Kellom Elementary*,2015-2016,64.0,,,
60,,,,2.0,92.0,143.0,65.0,,,,12.0,0.0,,Kennedy Elementary*,2015-2016,41.0,,,
61,,,,7.0,16.0,219.0,32.0,,,,37.0,0.0,,King Elementary*,2015-2016,70.0,,,
62,,,,5.0,8.0,244.0,5.0,,,,36.0,0.0,,King Science Magnet,2015-2016,107.0,,,
63,,,,10.0,100.0,242.0,84.0,,,,33.0,0.0,,Lewis & Clark Middle,2015-2016,143.0,,,
64,,,,5.0,4.0,132.0,288.0,,,,17.0,1.0,,Liberty Elementary*,2015-2016,113.0,,,
65,,,,,,,,,,,,,,"Lord, JP",2015-2016,30.0,,,
66,,,,2.0,4.0,191.0,17.0,,,,29.0,0.0,,Lothrop Magnet Elementary*,2015-2016,56.0,,,
67,,,,22.0,2.0,43.0,180.0,,,,16.0,0.0,,Marrs Magnet,2015-2016,190.0,,,
68,,,,2.0,8.0,104.0,15.0,,,,24.0,0.0,,Masters Elementary,2015-2016,73.0,,,
69,,,,7.0,8.0,222.0,6.0,,,,28.0,3.0,,McMillan Magnet,2015-2016,111.0,,,
70,,,,4.0,7.0,281.0,16.0,,,,39.0,0.0,,Miller Park Elementary*,2015-2016,70.0,,,
71,,,,3.0,0.0,176.0,9.0,,,,34.0,3.0,,Minne Lusa Elementary*,2015-2016,91.0,,,
72,,,,3.0,113.0,275.0,72.0,,,,43.0,3.0,,Monroe Middle,2015-2016,151.0,,,
73,,,,3.0,9.0,270.0,2.0,,,,36.0,2.0,,Morton Magnet,2015-2016,123.0,,,
74,,,,3.0,25.0,245.0,21.0,,,,47.0,0.0,,Mount View Elementary*,2015-2016,76.0,,,
75,,,,16.0,14.0,80.0,122.0,,,,47.0,0.0,,Norris Middle,2015-2016,264.0,,,
76,,,,12.0,29.0,676.0,6.0,,,,111.0,1.0,,North Magnet,2015-2016,235.0,,,
77,,,,23.0,125.0,641.0,107.0,,,,90.0,3.0,,Northwest High,2015-2016,289.0,,,
78,,,,4.0,4.0,64.0,68.0,,,,14.0,2.0,,Oak Valley Elementary*,2015-2016,80.0,,,
79,,,,0.0,0.0,17.0,3.0,,,,2.0,0.0,,Parrish,2015-2016,9.0,,,
80,,,,0.0,0.0,0.0,0.0,,0.0,,0.0,0.0,,Parrish Elementary,2015-2016,0.0,,,
81,,,,3.0,8.0,57.0,120.0,,,,15.0,0.0,,Pawnee Elementary,2015-2016,83.0,,,
82,,,,1.0,18.0,41.0,7.0,,,,18.0,0.0,,Picotte Elementary,2015-2016,59.0,,,
83,,,,0.0,21.0,103.0,8.0,,,,15.0,1.0,,Pinewood Elementary*,2015-2016,52.0,,,
84,,,,1.0,1.0,11.0,3.0,,,,12.0,0.0,,Ponca Elementary,2015-2016,21.0,,,
85,,,,4.0,28.0,201.0,47.0,,,,65.0,0.0,,Prairie Wind Elementary,2015-2016,98.0,,,
86,,,,1.0,77.0,50.0,62.0,,,,23.0,0.0,,Rose Hill Elementary,2015-2016,48.0,,,
87,,,,2.0,17.0,62.0,5.0,,,,26.0,1.0,,Saddlebrook Elementary,2015-2016,73.0,,,
88,,,,1.0,14.0,136.0,12.0,,,,10.0,0.0,,Saratoga Elementary*,2015-2016,43.0,,,
89,,,,0.0,0.0,1.0,,,,,1.0,0.0,,Secondary Success Program,2015-2016,1.0,,,
90,,,,2.0,3.0,7.0,57.0,,,,11.0,0.0,,Sherman Elementary*,2015-2016,61.0,,,
91,,,,2.0,11.0,265.0,17.0,,,,26.0,2.0,,Skinner Magnet,2015-2016,68.0,,,
92,,,,38.0,53.0,219.0,224.0,,,,43.0,1.0,,South Magnet,2015-2016,282.0,,,
93,,,,8.0,2.0,20.0,471.0,,,,8.0,0.0,,Spring Lake Magnet*,2015-2016,114.0,,,
94,,,,9.0,26.0,119.0,17.0,,,,56.0,2.0,,Springville Elementary,2015-2016,43.0,,,
95,,,,1.0,37.0,49.0,22.0,,,,54.0,0.0,,Standing Bear Elementary*,2015-2016,64.0,,,
96,,,,3.0,13.0,157.0,19.0,,,,29.0,4.0,,Sunny Slope Elementary*,2015-2016,96.0,,,
97,,,,0.0,0.0,14.0,,,,,3.0,0.0,,Transition Program at Career Center,2015-2016,30.0,,,
98,,,,1.0,0.0,0.0,,,,,0.0,0.0,,Transition Program at Embassy Suites,2015-2016,5.0,,,
99,,,,1.0,1.0,27.0,,,,,3.0,0.0,,Transition Program at PVA,2015-2016,73.0,,,
100,,,,1.0,2.0,9.0,,,,,0.0,0.0,,Transition Program at Saratoga,2015-2016,31.0,,,
101,,,,0.0,1.0,2.0,1.0,,,,3.0,0.0,,UNO/OPS Middle College Program,2015-2016,0.0,,,
102,,,,6.0,25.0,249.0,22.0,,,,21.0,1.0,,Wakonda Elementary*,2015-2016,88.0,,,
103,,,,6.0,129.0,159.0,158.0,,,,30.0,1.0,,Walnut Hill Elementary,2015-2016,40.0,,,
104,,,,8.0,28.0,65.0,43.0,,,,15.0,0.0,,Washington Elementary*,2015-2016,61.0,,,
105,,,,0.0,7.0,146.0,40.0,,,,22.0,0.0,,Western Hills Magnet,2015-2016,91.0,,,
106,,,,1.0,6.0,69.0,13.0,,,,13.0,1.0,,Wilson Focus School,2015-2016,25.0,,,
